Id,IsDeleted,Name,CreatedDate,CreatedById,LastModifiedDate,LastModifiedById,SystemModstamp,sustain_app__SustainabilityAsset__c,sustain_app__SustainabilityContact__c,sustain_app__Order__c
a00J000000NLZAGIA5,,AC-0000,2020-06-15T14:50:51.000+0000,005J0000008fdj1IAA,2020-06-15T14:50:51.000+0000,005J0000008fdj1IAA,2020-06-15T14:50:51.000+0000,a01J000001btLqAIAU,a04J000000juGXcIAM,
a00J000000NLZAHIA5,,AC-0001,2020-06-15T14:50:51.000+0000,005J0000008fdj1IAA,2020-06-15T14:50:51.000+0000,005J0000008fdj1IAA,2020-06-15T14:50:51.000+0000,a01J000001btLqHIAU,a04J000000juGXcIAM,
a00J000000NLZAIIA5,,AC-0002,2020-06-15T14:50:51.000+0000,005J0000008fdj1IAA,2020-06-15T14:50:51.000+0000,005J0000008fdj1IAA,2020-06-15T14:50:51.000+0000,a01J000001btLqGIAU,a04J000000juGXcIAM,
a00J000000NLZAJIA5,,AC-0003,2020-06-15T14:50:51.000+0000,005J0000008fdj1IAA,2020-06-15T14:50:51.000+0000,005J0000008fdj1IAA,2020-06-15T14:50:51.000+0000,a01J000001btLqDIAU,a04J000000juGXcIAM,
a00J000000NLZAKIA5,,AC-0004,2020-06-15T14:50:51.000+0000,005J0000008fdj1IAA,2020-06-15T14:50:51.000+0000,005J0000008fdj1IAA,2020-06-15T14:50:51.000+0000,a01J000001btLqEIAU,a04J000000juGXcIAM,
a00J000000NLZALIA5,,AC-0005,2020-06-15T14:50:51.000+0000,005J0000008fdj1IAA,2020-06-15T14:50:51.000+0000,005J0000008fdj1IAA,2020-06-15T14:50:51.000+0000,a01J000001btLq6IAE,a04J000000juGXcIAM,
a00J000000NLZAMIA5,,AC-0006,2020-06-15T14:50:51.000+0000,005J0000008fdj1IAA,2020-06-15T14:50:51.000+0000,005J0000008fdj1IAA,2020-06-15T14:50:51.000+0000,a01J000001btLqCIAU,a04J000000juGXcIAM,
a00J000000NLZANIA5,,AC-0007,2020-06-15T14:50:51.000+0000,005J0000008fdj1IAA,2020-06-15T14:50:51.000+0000,005J0000008fdj1IAA,2020-06-15T14:50:51.000+0000,a01J000001btLqNIAU,a04J000000juGXeIAM,
a00J000000NLZAOIA5,,AC-0008,2020-06-15T14:50:51.000+0000,005J0000008fdj1IAA,2020-06-15T14:50:51.000+0000,005J0000008fdj1IAA,2020-06-15T14:50:51.000+0000,a01J000001btLqQIAU,a04J000000juGXeIAM,
a00J000000NLZAPIA5,,AC-0009,2020-06-15T14:50:51.000+0000,005J0000008fdj1IAA,2020-06-15T14:50:51.000+0000,005J0000008fdj1IAA,2020-06-15T14:50:51.000+0000,a01J000001btLqKIAU,a04J000000juGXeIAM,
a00J000000NLZAQIA5,,AC-0010,2020-06-15T14:50:51.000+0000,005J0000008fdj1IAA,2020-06-15T14:50:51.000+0000,005J0000008fdj1IAA,2020-06-15T14:50:51.000+0000,a01J000001btLqLIAU,a04J000000juGXeIAM,
a00J000000NLZARIA5,,AC-0011,2020-06-15T14:50:51.000+0000,005J0000008fdj1IAA,2020-06-15T14:50:51.000+0000,005J0000008fdj1IAA,2020-06-15T14:50:51.000+0000,a01J000001btLqOIAU,a04J000000juGXeIAM,
a00J000000NLZASIA5,,AC-0012,2020-06-15T14:50:51.000+0000,005J0000008fdj1IAA,2020-06-15T14:50:51.000+0000,005J0000008fdj1IAA,2020-06-15T14:50:51.000+0000,a01J000001btLqRIAU,a04J000000juGXeIAM,
a00J000000NLZATIA5,,AC-0013,2020-06-15T14:50:51.000+0000,005J0000008fdj1IAA,2020-06-15T14:50:51.000+0000,005J0000008fdj1IAA,2020-06-15T14:50:51.000+0000,a01J000001btLqSIAU,a04J000000juGXeIAM,
a00J000000NLZAUIA5,,AC-0014,2020-06-15T14:50:51.000+0000,005J0000008fdj1IAA,2020-06-15T14:50:51.000+0000,005J0000008fdj1IAA,2020-06-15T14:50:51.000+0000,a01J000001btLqMIAU,a04J000000juGXeIAM,
a00J000000NLZAVIA5,,AC-0015,2020-06-15T14:50:51.000+0000,005J0000008fdj1IAA,2020-06-15T14:50:51.000+0000,005J0000008fdj1IAA,2020-06-15T14:50:51.000+0000,a01J000001btLqPIAU,a04J000000juGXeIAM,
a00J000000NLZAWIA5,,AC-0016,2020-06-15T14:50:51.000+0000,005J0000008fdj1IAA,2020-06-15T14:50:51.000+0000,005J0000008fdj1IAA,2020-06-15T14:50:51.000+0000,a01J000001btLq7IAE,a04J000000juGXdIAM,
a00J000000NLZAXIA5,,AC-0017,2020-06-15T14:50:51.000+0000,005J0000008fdj1IAA,2020-06-15T14:50:51.000+0000,005J0000008fdj1IAA,2020-06-15T14:50:51.000+0000,a01J000001btLq8IAE,a04J000000juGXdIAM,
a00J000000NLZAYIA5,,AC-0018,2020-06-15T14:50:51.000+0000,005J0000008fdj1IAA,2020-06-15T14:50:51.000+0000,005J0000008fdj1IAA,2020-06-15T14:50:51.000+0000,a01J000001btLq9IAE,a04J000000juGXdIAM,
a00J000000NLZAZIA5,,AC-0019,2020-06-15T14:50:51.000+0000,005J0000008fdj1IAA,2020-06-15T14:50:51.000+0000,005J0000008fdj1IAA,2020-06-15T14:50:51.000+0000,a01J000001btLqJIAU,a04J000000juGXdIAM,
a00J000000NLZAaIAP,,AC-0020,2020-06-15T14:50:51.000+0000,005J0000008fdj1IAA,2020-06-15T14:50:51.000+0000,005J0000008fdj1IAA,2020-06-15T14:50:51.000+0000,a01J000001btLqFIAU,a04J000000juGXdIAM,
a00J000000NLZAbIAP,,AC-0021,2020-06-15T14:50:51.000+0000,005J0000008fdj1IAA,2020-06-15T14:50:51.000+0000,005J0000008fdj1IAA,2020-06-15T14:50:51.000+0000,a01J000001btLqIIAU,a04J000000juGXdIAM,
a00J000000NLZAcIAP,,AC-0022,2020-06-15T14:50:51.000+0000,005J0000008fdj1IAA,2020-06-15T14:50:51.000+0000,005J0000008fdj1IAA,2020-06-15T14:50:51.000+0000,a01J000001btLqBIAU,a04J000000juGXdIAM,
